Workbook

Sheet Request BH (Kỹ thuật)
A2: YÊU CẦU BẢO HÀNH CỦA BỘ PHẬN KỸ THUẬT & VẬN HÀNH
A3: P.KT | B3: P.KT | C3: P.KT | D3: P.KT | E3: P.KT | F3: P.KT | G3: P.KT | H3: P.KT | I3: P.KT | J3: P.KT | K3: P.KT | L3: DATA | O3: DATA | P3: P.XD | Q3: P.XD | R3: P.XD | S3: P.XD
A4: STT | B4: Mã CH | C4: Tên CH | D4: Ngày KT | E4: Ngày hết BH | F4: Miền | G4: Nhà Thầu | H4: Nhóm lý do yêu cầu từ P.Kỹ thuật/ VH (Theo ngôn ngữ thực tế) | I4: Ngày P.KT gửi yêu cầu | J4: Người Gửi | K4: Nội dung chi tiết | L4: Mã số đầu việc (BH) | M4: Tên Nhóm đầu việc giao thầu NT theo BOQ (Bảo hành) | N4: Tên nhóm đầu việc trong HS bảo hành | O4: Kết luận | P4: Thông tin QLDA phụ trách | Q4: Hạn phản hồi | R4: Trạng Thái Xử Lý | S4: Nội Dung Trả Lời / Phương Án/ Thời gian cam kết xử lý
A5: 1 | B5: 2CAO | C5: WM+ LDG 59 Tuyên Quang | D5: =IFERROR(VLOOKUP(B5,'HỒ SƠ BH_XD&ME_BOQ PHÁT HÀNH'!B:D,3,0),"") -> 46141 | E5: =IFERROR(VLOOKUP(B5,'HỒ SƠ BH_XD&ME_BOQ PHÁT HÀNH'!B:E,4,0),"") -> 46506 | F5: =IFERROR(VLOOKUP(B5,'HỒ SƠ BH_XD&ME_BOQ PHÁT HÀNH'!B:F,5,0),"") -> Miền Nam | G5: =IFERROR(VLOOKUP(B5,'HỒ SƠ BH_XD&ME_BOQ PHÁT HÀNH'!B:G,6,0),"") -> Phú Mỹ | H5: Thấm dột mái đã chống thấm | I5: 46266 | J5: Nguyễn Văn A | K5: Mái khu vực kho bị thấm dột | L5: =IFERROR(VLOOKUP(H5,'DATA QUY ĐỔI BH'!E:F,2,0),"") -> BHXDA026 | M5: =IFERROR(VLOOKUP(L5,'DATA QUY ĐỔI BH'!B:C,2,0),"") -> Nhóm thi công xây dựng | N5: =IFERROR(VLOOKUP(L5,'DATA QUY ĐỔI BH'!B:D,3,0),"") -> Nhóm thi công mái | O5: =IF(N5<>"", "Được bảo hành", "") -> Được bảo hành | P5: Nguyễn Văn B | Q5: =I5+3 -> 46269 | R5: Đang xử lý, chờ phản hồi | S5: Mái tận dụng , nhà thầu có thi công gói bắn keo chống dột và đang sắp xếp nhân sự xử lý
A6: 2 | B6: 2CAO | C6: WM+ LDG 59 Tuyên Quang | D6: =IFERROR(VLOOKUP(B6,'HỒ SƠ BH_XD&ME_BOQ PHÁT HÀNH'!B:D,3,0),"") -> 46141 | E6: =IFERROR(VLOOKUP(B6,'HỒ SƠ BH_XD&ME_BOQ PHÁT HÀNH'!B:E,4,0),"") -> 46506 | F6: =IFERROR(VLOOKUP(B6,'HỒ SƠ BH_XD&ME_BOQ PHÁT HÀNH'!B:F,5,0),"") -> Miền Nam | G6: =IFERROR(VLOOKUP(B6,'HỒ SƠ BH_XD&ME_BOQ PHÁT HÀNH'!B:G,6,0),"") -> Phú Mỹ | H6: Gạch nền vỡ / Lún nứt nền | I6: 46266 | J6: Nguyễn Văn A | K6: Nền khu vực kinh doanh bị lún | L6: =IFERROR(VLOOKUP(H6,'DATA QUY ĐỔI BH'!E:F,2,0),"") -> BHXDA002 | M6: =IFERROR(VLOOKUP(L6,'DATA QUY ĐỔI BH'!B:C,2,0),"") -> Nhóm thi công xây dựng | N6: =IFERROR(VLOOKUP(L6,'DATA QUY ĐỔI BH'!B:D,3,0),"") -> Nhóm thi công nền | O6: =IF(N6<>"", "Được bảo hành", "") -> Được bảo hành | P6: Nguyễn Văn B | Q6: =I6+3 -> 46269 | R6: Đang xử lý, chờ phản hồi | S6: Nền lún do bị rò rỉ nước từ bể tự hoại composite, nhà thầu đang sắp xếp nhân sự xử lý
A7: 3 | B7: 2CAO | C7: WM+ LDG 59 Tuyên Quang | D7: =IFERROR(VLOOKUP(B7,'HỒ SƠ BH_XD&ME_BOQ PHÁT HÀNH'!B:D,3,0),"") -> 46141 | E7: =IFERROR(VLOOKUP(B7,'HỒ SƠ BH_XD&ME_BOQ PHÁT HÀNH'!B:E,4,0),"") -> 46506 | F7: =IFERROR(VLOOKUP(B7,'HỒ SƠ BH_XD&ME_BOQ PHÁT HÀNH'!B:F,5,0),"") -> Miền Nam | G7: =IFERROR(VLOOKUP(B7,'HỒ SƠ BH_XD&ME_BOQ PHÁT HÀNH'!B:G,6,0),"") -> Phú Mỹ | H7: Bể kính / Cạ kính / Hư bản lề | I7: 46266 | J7: Nguyễn Văn A | K7: Cửa kính mở bị cạ nền | L7: =IFERROR(VLOOKUP(H7,'DATA QUY ĐỔI BH'!E:F,2,0),"") -> BHXDA012 | M7: =IFERROR(VLOOKUP(L7,'DATA QUY ĐỔI BH'!B:C,2,0),"") -> Nhóm thi công xây dựng | N7: =IFERROR(VLOOKUP(L7,'DATA QUY ĐỔI BH'!B:D,3,0),"") -> Nhóm thi công cửa | O7: =IF(N7<>"", "Được bảo hành", "") -> Được bảo hành | P7: Nguyễn Văn B | Q7: =I7+3 -> 46269 | R7: Đã phản hồi thời gian xử lý, chờ kết quả | S7: Nhà thầu thông tin ngày 5/9 xử lý
A8: 4 | B8: 2CAO | C8: WM+ LDG 59 Tuyên Quang | D8: =IFERROR(VLOOKUP(B8,'HỒ SƠ BH_XD&ME_BOQ PHÁT HÀNH'!B:D,3,0),"") -> 46141 | E8: =IFERROR(VLOOKUP(B8,'HỒ SƠ BH_XD&ME_BOQ PHÁT HÀNH'!B:E,4,0),"") -> 46506 | F8: =IFERROR(VLOOKUP(B8,'HỒ SƠ BH_XD&ME_BOQ PHÁT HÀNH'!B:F,5,0),"") -> Miền Nam | G8: =IFERROR(VLOOKUP(B8,'HỒ SƠ BH_XD&ME_BOQ PHÁT HÀNH'!B:G,6,0),"") -> Phú Mỹ | H8: Hư hỏng cửa cuốn | I8: 46266 | J8: Nguyễn Văn A | K8: Cửa cuốn cửa chính bị kẹt ray | L8: =IFERROR(VLOOKUP(H8,'DATA QUY ĐỔI BH'!E:F,2,0),"") -> BHXDA013 | M8: =IFERROR(VLOOKUP(L8,'DATA QUY ĐỔI BH'!B:C,2,0),"") -> Nhóm thi công xây dựng | N8: =IFERROR(VLOOKUP(L8,'DATA QUY ĐỔI BH'!B:D,3,0),"") -> Nhóm thi công cửa | O8: =IF(N8<>"", "Được bảo hành", "") -> Được bảo hành | P8: Nguyễn Văn B | Q8: =I8+3 -> 46269 | R8: Đã phản hồi thời gian xử lý, chờ kết quả | S8: Nhà thầu thông tin ngày 5/9 xử lý
A9: 5 | B9: 2CAO | C9: WM+ LDG 59 Tuyên Quang | D9: =IFERROR(VLOOKUP(B9,'HỒ SƠ BH_XD&ME_BOQ PHÁT HÀNH'!B:D,3,0),"") -> 46141 | E9: =IFERROR(VLOOKUP(B9,'HỒ SƠ BH_XD&ME_BOQ PHÁT HÀNH'!B:E,4,0),"") -> 46506 | F9: =IFERROR(VLOOKUP(B9,'HỒ SƠ BH_XD&ME_BOQ PHÁT HÀNH'!B:F,5,0),"") -> Miền Nam | G9: =IFERROR(VLOOKUP(B9,'HỒ SƠ BH_XD&ME_BOQ PHÁT HÀNH'!B:G,6,0),"") -> Phú Mỹ | H9: Không lạnh / Thiếu gas / Mất nguồn | I9: 46266 | J9: Nguyễn Văn A | K9: Máy lạnh bị mất nguồn | L9: =IFERROR(VLOOKUP(H9,'DATA QUY ĐỔI BH'!E:F,2,0),"") -> BHXDA045 | M9: =IFERROR(VLOOKUP(L9,'DATA QUY ĐỔI BH'!B:C,2,0),"") -> Nhóm thi công cơ điện | N9: =IFERROR(VLOOKUP(L9,'DATA QUY ĐỔI BH'!B:D,3,0),"") -> Nhóm thi công ĐHKK | O9: =IF(N9<>"", "Được bảo hành", "") -> Được bảo hành | P9: Nguyễn Văn B | Q9: =I9+3 -> 46269 | R9: Đã xử lý | S9: Nhà thầu đã kiểm tra phản hồi nguyên nhân do chuột cắn dây nguồn máy lạnh , đã hỗ trợ xử lý
A10: 6 | B10: 2CAO | C10: WM+ LDG 59 Tuyên Quang | D10: =IFERROR(VLOOKUP(B10,'HỒ SƠ BH_XD&ME_BOQ PHÁT HÀNH'!B:D,3,0),"") -> 46141 | E10: =IFERROR(VLOOKUP(B10,'HỒ SƠ BH_XD&ME_BOQ PHÁT HÀNH'!B:E,4,0),"") -> 46506 | F10: =IFERROR(VLOOKUP(B10,'HỒ SƠ BH_XD&ME_BOQ PHÁT HÀNH'!B:F,5,0),"") -> Miền Nam | G10: =IFERROR(VLOOKUP(B10,'HỒ SƠ BH_XD&ME_BOQ PHÁT HÀNH'!B:G,6,0),"") -> Phú Mỹ | H10: Thấm dột mái tôn | I10: 46266 | J10: Nguyễn Văn A | K10: Thấm dột vị trí quầy thu ngân | L10: =IFERROR(VLOOKUP(H10,'DATA QUY ĐỔI BH'!E:F,2,0),"") -> BHXDA019 | M10: =IFERROR(VLOOKUP(L10,'DATA QUY ĐỔI BH'!B:C,2,0),"") -> Nhóm thi công xây dựng | N10: =IFERROR(VLOOKUP(L10,'DATA QUY ĐỔI BH'!B:D,3,0),"") -> Nhóm thi công mái | O10: =IF(N10<>"", "Được bảo hành", "") -> Được bảo hành | P10: Nguyễn Văn B | Q10: =I10+3 -> 46269 | R10: Không thuộc phạm vi bảo hành | S10: Nhà thầu có thi công mới 1 phần mái tôn khu vực Kho , Phần mái tôn khu vực Kinh Doanh là mái tận dụng theo hồ sơ thiết kế
A11: 7 | B11: 2CAO | C11: WM+ LDG 59 Tuyên Quang | D11: =IFERROR(VLOOKUP(B11,'HỒ SƠ BH_XD&ME_BOQ PHÁT HÀNH'!B:D,3,0),"") -> 46141 | E11: =IFERROR(VLOOKUP(B11,'HỒ SƠ BH_XD&ME_BOQ PHÁT HÀNH'!B:E,4,0),"") -> 46506 | F11: =IFERROR(VLOOKUP(B11,'HỒ SƠ BH_XD&ME_BOQ PHÁT HÀNH'!B:F,5,0),"") -> Miền Nam | G11: =IFERROR(VLOOKUP(B11,'HỒ SƠ BH_XD&ME_BOQ PHÁT HÀNH'!B:G,6,0),"") -> Phú Mỹ | H11: Tường nứt / Tróc vữa trát / Thấm tường | I11: 46266 | J11: Nguyễn Văn A | K11: Tường khu kinh doanh bị thấm | L11: =IFERROR(VLOOKUP(H11,'DATA QUY ĐỔI BH'!E:F,2,0),"") -> BHXDA005 | M11: =IFERROR(VLOOKUP(L11,'DATA QUY ĐỔI BH'!B:C,2,0),"") -> Nhóm thi công xây dựng | N11: =IFERROR(VLOOKUP(L11,'DATA QUY ĐỔI BH'!B:D,3,0),"") -> Nhóm thi công tường/ vách | O11: =IF(N11<>"", "Được bảo hành", "") -> Được bảo hành | P11: Nguyễn Văn B | Q11: =I11+3 -> 46269 | R11: Không thuộc phạm vi bảo hành. Nhà thầu đang báo giá chi phí | S11: Nhà thầu đã kiểm tra nguyên nhân do khe tiếp giáp giữa 2 nhà phía hàng xóm xây nhà mới không làm dìm tole che khe tường giữa 2 nhà dẫn đến nước chảy thấm ngấm tường. Đề xuất báo giá chi phí làm dìm tôn để trình phê duyệt xử lý
A12: 8 | B12: 2CAO | C12: WM+ LDG 59 Tuyên Quang | D12: =IFERROR(VLOOKUP(B12,'HỒ SƠ BH_XD&ME_BOQ PHÁT HÀNH'!B:D,3,0),"") -> 46141 | E12: =IFERROR(VLOOKUP(B12,'HỒ SƠ BH_XD&ME_BOQ PHÁT HÀNH'!B:E,4,0),"") -> 46506 | F12: =IFERROR(VLOOKUP(B12,'HỒ SƠ BH_XD&ME_BOQ PHÁT HÀNH'!B:F,5,0),"") -> Miền Nam | G12: =IFERROR(VLOOKUP(B12,'HỒ SƠ BH_XD&ME_BOQ PHÁT HÀNH'!B:G,6,0),"") -> Phú Mỹ | H12: Hư hỏng bóng đèn | I12: 46266 | J12: Nguyễn Văn A | K12: Đèn khu kinh doanh bị hư | L12: =IFERROR(VLOOKUP(H12,'DATA QUY ĐỔI BH'!E:F,2,0),"") -> BHXDA038 | M12: =IFERROR(VLOOKUP(L12,'DATA QUY ĐỔI BH'!B:C,2,0),"") -> Nhóm thi công cơ điện | N12: =IFERROR(VLOOKUP(L12,'DATA QUY ĐỔI BH'!B:D,3,0),"") -> Nhóm TTB điện | O12: =IF(N12<>"", "Được bảo hành", "") -> Được bảo hành | P12: Nguyễn Văn B | Q12: =I12+3 -> 46269 | R12: Đã phản hồi thời gian xử lý, chờ kết quả | S12: Nhà thầu thông tin ngày 3/9 xử lý
A13: 9 | B13: 2CAO | C13: WM+ LDG 59 Tuyên Quang | D13: =IFERROR(VLOOKUP(B13,'HỒ SƠ BH_XD&ME_BOQ PHÁT HÀNH'!B:D,3,0),"") -> 46141 | E13: =IFERROR(VLOOKUP(B13,'HỒ SƠ BH_XD&ME_BOQ PHÁT HÀNH'!B:E,4,0),"") -> 46506 | F13: =IFERROR(VLOOKUP(B13,'HỒ SƠ BH_XD&ME_BOQ PHÁT HÀNH'!B:F,5,0),"") -> Miền Nam | G13: =IFERROR(VLOOKUP(B13,'HỒ SƠ BH_XD&ME_BOQ PHÁT HÀNH'!B:G,6,0),"") -> Phú Mỹ | H13: Thấm dột máng thoát nước | I13: 46266 | J13: Nguyễn Văn A | K13: Thấm dột kho vực kho dưới máng xối | L13: =IFERROR(VLOOKUP(H13,'DATA QUY ĐỔI BH'!E:F,2,0),"") -> BHXDA023 | M13: =IFERROR(VLOOKUP(L13,'DATA QUY ĐỔI BH'!B:C,2,0),"") -> Nhóm thi công xây dựng | N13: =IFERROR(VLOOKUP(L13,'DATA QUY ĐỔI BH'!B:D,3,0),"") -> Nhóm thi công máng | O13: =IF(N13<>"", "Được bảo hành", "") -> Được bảo hành | P13: Nguyễn Văn B | Q13: =I13+3 -> 46269 | R13: Không thuộc phạm vi bảo hành. Đã hỗ trợ xử lý | S13: Vị trí mái ngay tán cây nên máng thoát nước bị nghẹt rác gây tràn nước vào kho. Nhà thầu đã hỗ trợ dọn và đề nghị WCM thường xuyê vệ sinh máng xối
A14: 10 | D14: =IFERROR(VLOOKUP(B14,'HỒ SƠ BH_XD&ME_BOQ PHÁT HÀNH'!B:D,3,0),"") | E14: =IFERROR(VLOOKUP(B14,'HỒ SƠ BH_XD&ME_BOQ PHÁT HÀNH'!B:E,4,0),"") | F14: =IFERROR(VLOOKUP(B14,'HỒ SƠ BH_XD&ME_BOQ PHÁT HÀNH'!B:F,5,0),"") | G14: =IFERROR(VLOOKUP(B14,'HỒ SƠ BH_XD&ME_BOQ PHÁT HÀNH'!B:G,6,0),"") | L14: =IFERROR(VLOOKUP(H14,'DATA QUY ĐỔI BH'!E:F,2,0),"") | M14: =IFERROR(VLOOKUP(L14,'DATA QUY ĐỔI BH'!B:C,2,0),"") | N14: =IFERROR(VLOOKUP(L14,'DATA QUY ĐỔI BH'!B:D,3,0),"") | O14: =IF(N14<>"", "Được bảo hành", "")
A15: 11 | D15: =IFERROR(VLOOKUP(B15,'HỒ SƠ BH_XD&ME_BOQ PHÁT HÀNH'!B:D,3,0),"") | E15: =IFERROR(VLOOKUP(B15,'HỒ SƠ BH_XD&ME_BOQ PHÁT HÀNH'!B:E,4,0),"") | F15: =IFERROR(VLOOKUP(B15,'HỒ SƠ BH_XD&ME_BOQ PHÁT HÀNH'!B:F,5,0),"") | G15: =IFERROR(VLOOKUP(B15,'HỒ SƠ BH_XD&ME_BOQ PHÁT HÀNH'!B:G,6,0),"") | L15: =IFERROR(VLOOKUP(H15,'DATA QUY ĐỔI BH'!E:F,2,0),"") | M15: =IFERROR(VLOOKUP(L15,'DATA QUY ĐỔI BH'!B:C,2,0),"") | N15: =IFERROR(VLOOKUP(L15,'DATA QUY ĐỔI BH'!B:D,3,0),"") | O15: =IF(N15<>"", "Được bảo hành", "")
A16: 12 | D16: =IFERROR(VLOOKUP(B16,'HỒ SƠ BH_XD&ME_BOQ PHÁT HÀNH'!B:D,3,0),"") | E16: =IFERROR(VLOOKUP(B16,'HỒ SƠ BH_XD&ME_BOQ PHÁT HÀNH'!B:E,4,0),"") | F16: =IFERROR(VLOOKUP(B16,'HỒ SƠ BH_XD&ME_BOQ PHÁT HÀNH'!B:F,5,0),"") | G16: =IFERROR(VLOOKUP(B16,'HỒ SƠ BH_XD&ME_BOQ PHÁT HÀNH'!B:G,6,0),"") | L16: =IFERROR(VLOOKUP(H16,'DATA QUY ĐỔI BH'!E:F,2,0),"") | M16: =IFERROR(VLOOKUP(L16,'DATA QUY ĐỔI BH'!B:C,2,0),"") | N16: =IFERROR(VLOOKUP(L16,'DATA QUY ĐỔI BH'!B:D,3,0),"") | O16: =IF(N16<>"", "Được bảo hành", "")
A17: 13 | D17: =IFERROR(VLOOKUP(B17,'HỒ SƠ BH_XD&ME_BOQ PHÁT HÀNH'!B:D,3,0),"") | E17: =IFERROR(VLOOKUP(B17,'HỒ SƠ BH_XD&ME_BOQ PHÁT HÀNH'!B:E,4,0),"") | F17: =IFERROR(VLOOKUP(B17,'HỒ SƠ BH_XD&ME_BOQ PHÁT HÀNH'!B:F,5,0),"") | G17: =IFERROR(VLOOKUP(B17,'HỒ SƠ BH_XD&ME_BOQ PHÁT HÀNH'!B:G,6,0),"") | L17: =IFERROR(VLOOKUP(H17,'DATA QUY ĐỔI BH'!E:F,2,0),"") | M17: =IFERROR(VLOOKUP(L17,'DATA QUY ĐỔI BH'!B:C,2,0),"") | N17: =IFERROR(VLOOKUP(L17,'DATA QUY ĐỔI BH'!B:D,3,0),"") | O17: =IF(N17<>"", "Được bảo hành", "")
A18: 14 | D18: =IFERROR(VLOOKUP(B18,'HỒ SƠ BH_XD&ME_BOQ PHÁT HÀNH'!B:D,3,0),"") | E18: =IFERROR(VLOOKUP(B18,'HỒ SƠ BH_XD&ME_BOQ PHÁT HÀNH'!B:E,4,0),"") | F18: =IFERROR(VLOOKUP(B18,'HỒ SƠ BH_XD&ME_BOQ PHÁT HÀNH'!B:F,5,0),"") | G18: =IFERROR(VLOOKUP(B18,'HỒ SƠ BH_XD&ME_BOQ PHÁT HÀNH'!B:G,6,0),"") | L18: =IFERROR(VLOOKUP(H18,'DATA QUY ĐỔI BH'!E:F,2,0),"") | M18: =IFERROR(VLOOKUP(L18,'DATA QUY ĐỔI BH'!B:C,2,0),"") | N18: =IFERROR(VLOOKUP(L18,'DATA QUY ĐỔI BH'!B:D,3,0),"") | O18: =IF(N18<>"", "Được bảo hành", "")
A19: 15 | D19: =IFERROR(VLOOKUP(B19,'HỒ SƠ BH_XD&ME_BOQ PHÁT HÀNH'!B:D,3,0),"") | E19: =IFERROR(VLOOKUP(B19,'HỒ SƠ BH_XD&ME_BOQ PHÁT HÀNH'!B:E,4,0),"") | F19: =IFERROR(VLOOKUP(B19,'HỒ SƠ BH_XD&ME_BOQ PHÁT HÀNH'!B:F,5,0),"") | G19: =IFERROR(VLOOKUP(B19,'HỒ SƠ BH_XD&ME_BOQ PHÁT HÀNH'!B:G,6,0),"") | L19: =IFERROR(VLOOKUP(H19,'DATA QUY ĐỔI BH'!E:F,2,0),"") | M19: =IFERROR(VLOOKUP(L19,'DATA QUY ĐỔI BH'!B:C,2,0),"") | N19: =IFERROR(VLOOKUP(L19,'DATA QUY ĐỔI BH'!B:D,3,0),"") | O19: =IF(N19<>"", "Được bảo hành", "")
A20: 16 | D20: =IFERROR(VLOOKUP(B20,'HỒ SƠ BH_XD&ME_BOQ PHÁT HÀNH'!B:D,3,0),"") | E20: =IFERROR(VLOOKUP(B20,'HỒ SƠ BH_XD&ME_BOQ PHÁT HÀNH'!B:E,4,0),"") | F20: =IFERROR(VLOOKUP(B20,'HỒ SƠ BH_XD&ME_BOQ PHÁT HÀNH'!B:F,5,0),"") | G20: =IFERROR(VLOOKUP(B20,'HỒ SƠ BH_XD&ME_BOQ PHÁT HÀNH'!B:G,6,0),"") | L20: =IFERROR(VLOOKUP(H20,'DATA QUY ĐỔI BH'!E:F,2,0),"") | M20: =IFERROR(VLOOKUP(L20,'DATA QUY ĐỔI BH'!B:C,2,0),"") | N20: =IFERROR(VLOOKUP(L20,'DATA QUY ĐỔI BH'!B:D,3,0),"") | O20: =IF(N20<>"", "Được bảo hành", "")
A21: 17 | D21: =IFERROR(VLOOKUP(B21,'HỒ SƠ BH_XD&ME_BOQ PHÁT HÀNH'!B:D,3,0),"") | E21: =IFERROR(VLOOKUP(B21,'HỒ SƠ BH_XD&ME_BOQ PHÁT HÀNH'!B:E,4,0),"") | F21: =IFERROR(VLOOKUP(B21,'HỒ SƠ BH_XD&ME_BOQ PHÁT HÀNH'!B:F,5,0),"") | G21: =IFERROR(VLOOKUP(B21,'HỒ SƠ BH_XD&ME_BOQ PHÁT HÀNH'!B:G,6,0),"") | L21: =IFERROR(VLOOKUP(H21,'DATA QUY ĐỔI BH'!E:F,2,0),"") | M21: =IFERROR(VLOOKUP(L21,'DATA QUY ĐỔI BH'!B:C,2,0),"") | N21: =IFERROR(VLOOKUP(L21,'DATA QUY ĐỔI BH'!B:D,3,0),"") | O21: =IF(N21<>"", "Được bảo hành", "")
A22: 18 | D22: =IFERROR(VLOOKUP(B22,'HỒ SƠ BH_XD&ME_BOQ PHÁT HÀNH'!B:D,3,0),"") | E22: =IFERROR(VLOOKUP(B22,'HỒ SƠ BH_XD&ME_BOQ PHÁT HÀNH'!B:E,4,0),"") | F22: =IFERROR(VLOOKUP(B22,'HỒ SƠ BH_XD&ME_BOQ PHÁT HÀNH'!B:F,5,0),"") | G22: =IFERROR(VLOOKUP(B22,'HỒ SƠ BH_XD&ME_BOQ PHÁT HÀNH'!B:G,6,0),"") | L22: =IFERROR(VLOOKUP(H22,'DATA QUY ĐỔI BH'!E:F,2,0),"") | M22: =IFERROR(VLOOKUP(L22,'DATA QUY ĐỔI BH'!B:C,2,0),"") | N22: =IFERROR(VLOOKUP(L22,'DATA QUY ĐỔI BH'!B:D,3,0),"") | O22: =IF(N22<>"", "Được bảo hành", "")
A23: 19 | D23: =IFERROR(VLOOKUP(B23,'HỒ SƠ BH_XD&ME_BOQ PHÁT HÀNH'!B:D,3,0),"") | E23: =IFERROR(VLOOKUP(B23,'HỒ SƠ BH_XD&ME_BOQ PHÁT HÀNH'!B:E,4,0),"") | F23: =IFERROR(VLOOKUP(B23,'HỒ SƠ BH_XD&ME_BOQ PHÁT HÀNH'!B:F,5,0),"") | G23: =IFERROR(VLOOKUP(B23,'HỒ SƠ BH_XD&ME_BOQ PHÁT HÀNH'!B:G,6,0),"") | L23: =IFERROR(VLOOKUP(H23,'DATA QUY ĐỔI BH'!E:F,2,0),"") | M23: =IFERROR(VLOOKUP(L23,'DATA QUY ĐỔI BH'!B:C,2,0),"") | N23: =IFERROR(VLOOKUP(L23,'DATA QUY ĐỔI BH'!B:D,3,0),"") | O23: =IF(N23<>"", "Được bảo hành", "")
A24: 20 | D24: =IFERROR(VLOOKUP(B24,'HỒ SƠ BH_XD&ME_BOQ PHÁT HÀNH'!B:D,3,0),"") | E24: =IFERROR(VLOOKUP(B24,'HỒ SƠ BH_XD&ME_BOQ PHÁT HÀNH'!B:E,4,0),"") | F24: =IFERROR(VLOOKUP(B24,'HỒ SƠ BH_XD&ME_BOQ PHÁT HÀNH'!B:F,5,0),"") | G24: =IFERROR(VLOOKUP(B24,'HỒ SƠ BH_XD&ME_BOQ PHÁT HÀNH'!B:G,6,0),"") | L24: =IFERROR(VLOOKUP(H24,'DATA QUY ĐỔI BH'!E:F,2,0),"") | M24: =IFERROR(VLOOKUP(L24,'DATA QUY ĐỔI BH'!B:C,2,0),"") | N24: =IFERROR(VLOOKUP(L24,'DATA QUY ĐỔI BH'!B:D,3,0),"") | O24: =IF(N24<>"", "Được bảo hành", "")
A25: 21 | D25: =IFERROR(VLOOKUP(B25,'HỒ SƠ BH_XD&ME_BOQ PHÁT HÀNH'!B:D,3,0),"") | E25: =IFERROR(VLOOKUP(B25,'HỒ SƠ BH_XD&ME_BOQ PHÁT HÀNH'!B:E,4,0),"") | F25: =IFERROR(VLOOKUP(B25,'HỒ SƠ BH_XD&ME_BOQ PHÁT HÀNH'!B:F,5,0),"") | G25: =IFERROR(VLOOKUP(B25,'HỒ SƠ BH_XD&ME_BOQ PHÁT HÀNH'!B:G,6,0),"") | L25: =IFERROR(VLOOKUP(H25,'DATA QUY ĐỔI BH'!E:F,2,0),"") | M25: =IFERROR(VLOOKUP(L25,'DATA QUY ĐỔI BH'!B:C,2,0),"") | N25: =IFERROR(VLOOKUP(L25,'DATA QUY ĐỔI BH'!B:D,3,0),"") | O25: =IF(N25<>"", "Được bảo hành", "")
... A67: 63 | D67: =IFERROR(VLOOKUP(B67,'HỒ SƠ BH_XD&ME_BOQ PHÁT HÀNH'!B:D,3,0),"") | E67: =IFERROR(VLOOKUP(B67,'HỒ SƠ BH_XD&ME_BOQ PHÁT HÀNH'!B:E,4,0),"") | F67: =IFERROR(VLOOKUP(B67,'HỒ SƠ BH_XD&ME_BOQ PHÁT HÀNH'!B:F,5,0),"") | G67: =IFERROR(VLOOKUP(B67,'HỒ SƠ BH_XD&ME_BOQ PHÁT HÀNH'!B:G,6,0),"") | L67: =IFERROR(VLOOKUP(H67,'DATA QUY ĐỔI BH'!E:F,2,0),"") | M67: =IFERROR(VLOOKUP(L67,'DATA QUY ĐỔI BH'!B:C,2,0),"") | N67: =IFERROR(VLOOKUP(L67,'DATA QUY ĐỔI BH'!B:D,3,0),"") | O67: =IF(N67<>"", "Được bảo hành", "")

Sheet HỒ SƠ BH_XD&ME_BOQ PHÁT HÀNH
A1: HỒ SƠ CƠ BẢN HÀNH XD&ME - ĐỐI SOÁT BOQ & MASTER REASON CODE
K2: P.XD | L2: P.XD
A3: STT | B3: Mã CH | C3: Tên CH | D3: Ngày KT | E3: Ngày hết BH | F3: Miền | G3: Nhà Thầu | H3: Hạng mục chi tiết theo BOQ giao việc NT xây mới/Cải tạo (Tên hạng mục chi tiết theo đúng BOQ) | I3: Khối lượng CV | J3: Mã số đầu việc (BH) | K3: Tên Nhóm đầu việc giao thầu NT theo BOQ (Bảo hành) | L3: Tên nhóm đầu việc trong HS bảo hành
A4: 1 | B4: 2CAO | C4: WM+ LDG 59 Tuyên Quang | D4: 46141 | E4: 46506 | F4: Miền Nam | G4: Phú Mỹ | H4: Móng, giằng BTCT | J4: =IFERROR(VLOOKUP(H4,'DATA QUY ĐỔI BH'!A:B,2,0),"") -> BHXDA001 | K4: =IFERROR(VLOOKUP(J4,'DATA QUY ĐỔI BH'!B:C,2,0),"") -> Nhóm thi công xây dựng | L4: =IFERROR(VLOOKUP(J4,'DATA QUY ĐỔI BH'!B:D,3,0),"") -> Nhóm thi công móng
A5: 2 | B5: 2CAO | C5: WM+ LDG 59 Tuyên Quang | D5: 46141 | E5: 46506 | F5: Miền Nam | G5: Phú Mỹ | H5: Móng xây gạch. | J5: =IFERROR(VLOOKUP(H5,'DATA QUY ĐỔI BH'!A:B,2,0),"") -> BHXDA001 | K5: =IFERROR(VLOOKUP(J5,'DATA QUY ĐỔI BH'!B:C,2,0),"") -> Nhóm thi công xây dựng | L5: =IFERROR(VLOOKUP(J5,'DATA QUY ĐỔI BH'!B:D,3,0),"") -> Nhóm thi công móng
A6: 3 | B6: 2CAO | C6: WM+ LDG 59 Tuyên Quang | D6: 46141 | E6: 46506 | F6: Miền Nam | G6: Phú Mỹ | H6: Nâng nền, đầm nền. | J6: =IFERROR(VLOOKUP(H6,'DATA QUY ĐỔI BH'!A:B,2,0),"") -> BHXDA002 | K6: =IFERROR(VLOOKUP(J6,'DATA QUY ĐỔI BH'!B:C,2,0),"") -> Nhóm thi công xây dựng | L6: =IFERROR(VLOOKUP(J6,'DATA QUY ĐỔI BH'!B:D,3,0),"") -> Nhóm thi công nền
A7: 4 | B7: 2CAO | C7: WM+ LDG 59 Tuyên Quang | D7: 46141 | E7: 46506 | F7: Miền Nam | G7: Phú Mỹ | H7: Cán nền | J7: =IFERROR(VLOOKUP(H7,'DATA QUY ĐỔI BH'!A:B,2,0),"") -> BHXDA002 | K7: =IFERROR(VLOOKUP(J7,'DATA QUY ĐỔI BH'!B:C,2,0),"") -> Nhóm thi công xây dựng | L7: =IFERROR(VLOOKUP(J7,'DATA QUY ĐỔI BH'!B:D,3,0),"") -> Nhóm thi công nền
A8: 5 | B8: 2CAO | C8: WM+ LDG 59 Tuyên Quang | D8: 46141 | E8: 46506 | F8: Miền Nam | G8: Phú Mỹ | H8: Lát nền | J8: =IFERROR(VLOOKUP(H8,'DATA QUY ĐỔI BH'!A:B,2,0),"") -> BHXDA002 | K8: =IFERROR(VLOOKUP(J8,'DATA QUY ĐỔI BH'!B:C,2,0),"") -> Nhóm thi công xây dựng | L8: =IFERROR(VLOOKUP(J8,'DATA QUY ĐỔI BH'!B:D,3,0),"") -> Nhóm thi công nền
A9: 6 | B9: 2CAO | C9: WM+ LDG 59 Tuyên Quang | D9: 46141 | E9: 46506 | F9: Miền Nam | G9: Phú Mỹ | H9: Ốp gạch tường | J9: =IFERROR(VLOOKUP(H9,'DATA QUY ĐỔI BH'!A:B,2,0),"") -> BHXDA003 | K9: =IFERROR(VLOOKUP(J9,'DATA QUY ĐỔI BH'!B:C,2,0),"") -> Nhóm thi công xây dựng | L9: =IFERROR(VLOOKUP(J9,'DATA QUY ĐỔI BH'!B:D,3,0),"") -> Nhóm thi công tường/ vách
A10: 7 | B10: 2CAO | C10: WM+ LDG 59 Tuyên Quang | D10: 46141 | E10: 46506 | F10: Miền Nam | G10: Phú Mỹ | H10: Sàn Plywood - gác xếp | J10: =IFERROR(VLOOKUP(H10,'DATA QUY ĐỔI BH'!A:B,2,0),"") -> BHXDA004 | K10: =IFERROR(VLOOKUP(J10,'DATA QUY ĐỔI BH'!B:C,2,0),"") -> Nhóm thi công xây dựng | L10: =IFERROR(VLOOKUP(J10,'DATA QUY ĐỔI BH'!B:D,3,0),"") -> Nhóm thi công nền tầng
A11: 8 | B11: 2CAO | C11: WM+ LDG 59 Tuyên Quang | D11: 46141 | E11: 46506 | F11: Miền Nam | G11: Phú Mỹ | H11: Xây tường | J11: =IFERROR(VLOOKUP(H11,'DATA QUY ĐỔI BH'!A:B,2,0),"") -> BHXDA005 | K11: =IFERROR(VLOOKUP(J11,'DATA QUY ĐỔI BH'!B:C,2,0),"") -> Nhóm thi công xây dựng | L11: =IFERROR(VLOOKUP(J11,'DATA QUY ĐỔI BH'!B:D,3,0),"") -> Nhóm thi công tường/ vách
A12: 9 | B12: 2CAO | C12: WM+ LDG 59 Tuyên Quang | D12: 46141 | E12: 46506 | F12: Miền Nam | G12: Phú Mỹ | H12: Trát tường | J12: =IFERROR(VLOOKUP(H12,'DATA QUY ĐỔI BH'!A:B,2,0),"") -> BHXDA005 | K12: =IFERROR(VLOOKUP(J12,'DATA QUY ĐỔI BH'!B:C,2,0),"") -> Nhóm thi công xây dựng | L12: =IFERROR(VLOOKUP(J12,'DATA QUY ĐỔI BH'!B:D,3,0),"") -> Nhóm thi công tường/ vách
A13: 10 | B13: 2CAO | C13: WM+ LDG 59 Tuyên Quang | D13: 46141 | E13: 46506 | F13: Miền Nam | G13: Phú Mỹ | H13: Sơn tường + bả tường. | J13: =IFERROR(VLOOKUP(H13,'DATA QUY ĐỔI BH'!A:B,2,0),"") -> BHXDA006 | K13: =IFERROR(VLOOKUP(J13,'DATA QUY ĐỔI BH'!B:C,2,0),"") -> Nhóm thi công xây dựng | L13: =IFERROR(VLOOKUP(J13,'DATA QUY ĐỔI BH'!B:D,3,0),"") -> Nhóm thi công tường/ vách
A14: 11 | B14: 2CAO | C14: WM+ LDG 59 Tuyên Quang | D14: 46141 | E14: 46506 | F14: Miền Nam | G14: Phú Mỹ | H14: Vách thạch cao | J14: =IFERROR(VLOOKUP(H14,'DATA QUY ĐỔI BH'!A:B,2,0),"") -> BHXDA007 | K14: =IFERROR(VLOOKUP(J14,'DATA QUY ĐỔI BH'!B:C,2,0),"") -> Nhóm thi công xây dựng | L14: =IFERROR(VLOOKUP(J14,'DATA QUY ĐỔI BH'!B:D,3,0),"") -> Nhóm thi công tường/ vách
A15: 12 | B15: 2CAO | C15: WM+ LDG 59 Tuyên Quang | D15: 46141 | E15: 46506 | F15: Miền Nam | G15: Phú Mỹ | H15: Vách Cemboard | J15: =IFERROR(VLOOKUP(H15,'DATA QUY ĐỔI BH'!A:B,2,0),"") -> BHXDA008 | K15: =IFERROR(VLOOKUP(J15,'DATA QUY ĐỔI BH'!B:C,2,0),"") -> Nhóm thi công xây dựng | L15: =IFERROR(VLOOKUP(J15,'DATA QUY ĐỔI BH'!B:D,3,0),"") -> Nhóm thi công tường/ vách
... A66: 63 | B66: 2CAO | C66: WM+ LDG 59 Tuyên Quang | D66: 46141 | E66: 46506 | F66: Miền Nam | G66: Phú Mỹ | H66: Dây điện, dây Cat 5, 6, ống ghen | J66: =IFERROR(VLOOKUP(H66,'DATA QUY ĐỔI BH'!A:B,2,0),"") -> BHXDA059 | K66: =IFERROR(VLOOKUP(J66,'DATA QUY ĐỔI BH'!B:C,2,0),"") -> Nhóm thi công camera | L66: =IFERROR(VLOOKUP(J66,'DATA QUY ĐỔI BH'!B:D,3,0),"") -> Nhóm TTB camera

Sheet DATA QUY ĐỔI BH
B1: MASTER DATA QUY ĐỔI HẠNG MỤC BẢO HÀNH: KỸ THUẬT - XÂY DỰNG - BOQ
C2: P.XD | D2: P.XD | E2: Bộ lý do yêu cầu của Kỹ thuật/VH
A3: Hạng mục chi tiết theo BOQ giao việc NT xây mới/Cải tạo (Tên hạng mục chi tiết theo đúng BOQ) | B3: Mã số đầu việc (BH) | C3: Tên Nhóm đầu việc giao thầu NT theo BOQ (Bảo hành) | D3: Tên nhóm đầu việc trong HS bảo hành | E3: Nhóm lý do yêu cầu từ P.Kỹ thuật/ VH (Theo ngôn ngữ thực tế P.Kỹ thuật đang dùng) | F3: Mã sô đầu việc Check BH
A4: Móng, giằng BTCT | B4: BHXDA001 | C4: Nhóm thi công xây dựng | D4: Nhóm thi công móng | E4: Hư hỏng do sự cố lún nền móng | F4: =B4 -> BHXDA001
A5: Móng xây gạch. | B5: BHXDA001 | C5: Nhóm thi công xây dựng | D5: Nhóm thi công móng | E5: Hư hỏng do sự cố lún nền móng | F5: =B5 -> BHXDA001
A6: Nâng nền, đầm nền. | B6: BHXDA002 | C6: Nhóm thi công xây dựng | D6: Nhóm thi công nền | E6: Gạch nền vỡ / Lún nứt nền | F6: =B6 -> BHXDA002
A7: Cán nền | B7: BHXDA002 | C7: Nhóm thi công xây dựng | D7: Nhóm thi công nền | E7: Gạch nền vỡ / Lún nứt nền | F7: =B7 -> BHXDA002
A8: Lát nền | B8: BHXDA002 | C8: Nhóm thi công xây dựng | D8: Nhóm thi công nền | E8: Gạch nền vỡ / Lún nứt nền | F8: =B8 -> BHXDA002
A9: Ốp gạch tường | B9: BHXDA003 | C9: Nhóm thi công xây dựng | D9: Nhóm thi công tường/ vách | E9: Gạch tường vỡ / Bung gạch tường | F9: =B9 -> BHXDA003
A10: Sàn Plywood - gác xếp | B10: BHXDA004 | C10: Nhóm thi công xây dựng | D10: Nhóm thi công nền tầng | E10: Võng sàn Plywood / Nứt gãy | F10: =B10 -> BHXDA004
A11: Xây tường | B11: BHXDA005 | C11: Nhóm thi công xây dựng | D11: Nhóm thi công tường/ vách | E11: Tường nứt / Tróc vữa trát / Thấm tường | F11: =B11 -> BHXDA005
A12: Trát tường | B12: BHXDA005 | C12: Nhóm thi công xây dựng | D12: Nhóm thi công tường/ vách | E12: Tường nứt / Tróc vữa trát / Thấm tường | F12: =B12 -> BHXDA005
A13: Sơn tường + bả tường. | B13: BHXDA006 | C13: Nhóm thi công xây dựng | D13: Nhóm thi công tường/ vách | E13: Bong tróc sơn / Ẩm mốc tường | F13: =B13 -> BHXDA006
A14: Vách thạch cao | B14: BHXDA007 | C14: Nhóm thi công xây dựng | D14: Nhóm thi công tường/ vách | E14: Nứt vách / Hở vách thạch cao | F14: =B14 -> BHXDA007
A15: Vách Cemboard | B15: BHXDA008 | C15: Nhóm thi công xây dựng | D15: Nhóm thi công tường/ vách | E15: Nứt vách / Hở vách cemboard | F15: =B15 -> BHXDA008
... A66: Dây điện, dây Cat 5, 6, ống ghen | B66: BHXDA059 | C66: Nhóm thi công camera | D66: Nhóm TTB camera | E66: Hư hỏng dây điện , dây mạng camera | F66: =B66 -> BHXDA059

Sheet Ho Co Ban Hành XD&ME. Org
A1: HỒ SƠ CƠ BẢN HÀNH XD&ME - ĐỐI SOÁT BOQ & MASTER REASON CODE (149 DÒNG CHI TIẾT)
I2: P.XD | J2: P.XD | K2: Vận hành (Mô tả bằng mắt)
A3: STT | B3: Mã CH | C3: Tên CH | D3: Ngày KT | E3: Ngày hết BH | F3: Hạng mục chi tiết theo BOQ giao việc NT xây mới/Cải tạo (Tên hạng mục chi tiết theo đúng BOQ) | G3: Khối lượng CV | H3: Mã số đầu việc (BH) | I3: Tên Nhóm đầu việc giao thầu NT theo BOQ (Bảo hành) | J3: Tên nhóm đầu việc trong HS bảo hành | K3: Nhóm đầu việc Request từ P.Kỹ thuật/ VH (Theo ngôn ngữ thực tế) | L3: PIC | M3: Trạng thái
A4: 1 | B4: 2CBA | C4: WM+ 158 Vân Thọ, Mỹ Đức, Hà Nội | D4: 46168 | E4: =D4+365 -> 46533 | F4: Đập phá nền, hạ nền bê tông | H4: MBXDA0100001 | I4: Nhóm Tháo dỡ & Đập phá | J4: Hạng mục tháo dỡ mặt bằng | K4: Cải tạo kết cấu / Tháo dỡ
A5: 2 | B5: 2CBA | C5: WM+ 158 Vân Thọ, Mỹ Đức, Hà Nội | D5: 46168 | E5: =D5+365 -> 46533 | F5: Đập phá tháo dỡ kết cấu xây gạch (Kiểm tra kết cấu kỹ trước khi tháo dỡ NT Trình biện pháp gửi GS và BQLXD pehe duyệt) | H5: MBXDA0100002 | I5: Nhóm Tháo dỡ & Đập phá | J5: Hạng mục tháo dỡ mặt bằng | K5: Cải tạo kết cấu / Tháo dỡ
A6: 3 | B6: 2CBA | C6: WM+ 158 Vân Thọ, Mỹ Đức, Hà Nội | D6: 46168 | E6: =D6+365 -> 46533 | F6: Đục cắt lớp vữa trát tường để xử lý theo biện pháp | H6: MBXDA0100003 | I6: Nhóm Tháo dỡ & Đập phá | J6: Hạng mục tháo dỡ mặt bằng | K6: Cải tạo kết cấu / Tháo dỡ
A7: 4 | B7: 2CBA | C7: WM+ 158 Vân Thọ, Mỹ Đức, Hà Nội | D7: 46168 | E7: =D7+365 -> 46533 | F7: Cắt định vị tường trước khi phá dỡ (tránh làm hỏng phần tường giữ lại) sử dụng máy cắt cầm tay | H7: MBXDA0100004 | I7: Nhóm Tháo dỡ & Đập phá | J7: Hạng mục tháo dỡ mặt bằng | K7: Cải tạo kết cấu / Tháo dỡ
A8: 5 | B8: 2CBA | C8: WM+ 158 Vân Thọ, Mỹ Đức, Hà Nội | D8: 46168 | E8: =D8+365 -> 46533 | F8: Đục phá lớp gạch ốp tường + vận chuyển ra khỏi công trường | H8: MBXDA0100005 | I8: Nhóm Gạch ốp lát & Nền sàn | J8: Hạng mục gạch ốp lát & nền sàn | K8: Gạch vỡ / Lún nứt nền / Sàn đọng nước
A9: 6 | B9: 2CBA | C9: WM+ 158 Vân Thọ, Mỹ Đức, Hà Nội | D9: 46168 | E9: =D9+365 -> 46533 | F9: Đục phá lớp gạch lót sàn + vận chuyển ra khỏi công trường | H9: MBXDA0100006 | I9: Nhóm Sơn bả & Hoàn thiện | J9: Hạng mục sơn bả hoàn thiện | K9: Bong tróc sơn / Ẩm mốc tường
A10: 7 | B10: 2CBA | C10: WM+ 158 Vân Thọ, Mỹ Đức, Hà Nội | D10: 46168 | E10: =D10+365 -> 46533 | F10: Đục phá lớp gạch ốp lát tường, sàn + lớp vữa ốp lát (không bao gồm vận chuyển) | H10: MBXDA0100007 | I10: Nhóm Gạch ốp lát & Nền sàn | J10: Hạng mục gạch ốp lát & nền sàn | K10: Gạch vỡ / Lún nứt nền / Sàn đọng nước
A11: 8 | B11: 2CBA | C11: WM+ 158 Vân Thọ, Mỹ Đức, Hà Nội | D11: 46168 | E11: =D11+365 -> 46533 | F11: Đục phá lớp gạch ốp lát tường, sàn lớp keo dán+ lớp vữa ốp lát (không bao gồm vận chuyển) | H11: MBXDA0100008 | I11: Nhóm Gạch ốp lát & Nền sàn | J11: Hạng mục gạch ốp lát & nền sàn | K11: Gạch vỡ / Lún nứt nền / Sàn đọng nước
A12: 9 | B12: 2CBA | C12: WM+ 158 Vân Thọ, Mỹ Đức, Hà Nội | D12: 46168 | E12: =D12+365 -> 46533 | F12: Tháo dỡ vách thạch cao và khung nhôm chìm | H12: MBXDA0100009 | I12: Nhóm Tháo dỡ & Đập phá | J12: Hạng mục tháo dỡ mặt bằng | K12: Cải tạo kết cấu / Tháo dỡ
A13: 10 | B13: 2CBA | C13: WM+ 158 Vân Thọ, Mỹ Đức, Hà Nội | D13: 46168 | E13: =D13+365 -> 46533 | F13: Tháo dỡ trần thạch cao khung và khung nhôm chìm | H13: MBXDA0100010 | I13: Nhóm Tháo dỡ & Đập phá | J13: Hạng mục tháo dỡ mặt bằng | K13: Cải tạo kết cấu / Tháo dỡ
A14: 11 | B14: 2CBA | C14: WM+ 158 Vân Thọ, Mỹ Đức, Hà Nội | D14: 46168 | E14: =D14+365 -> 46533 | F14: Tháo dỡ trần nhựa, trần xốp | H14: MBXDA0100011 | I14: Nhóm Tháo dỡ & Đập phá | J14: Hạng mục tháo dỡ mặt bằng | K14: Cải tạo kết cấu / Tháo dỡ
A15: 12 | B15: 2CBA | C15: WM+ 158 Vân Thọ, Mỹ Đức, Hà Nội | D15: 46168 | E15: =D15+365 -> 46533 | F15: Tháo dỡ vách panel (Nhân công) | H15: MBXDA0100012 | I15: Nhóm Tháo dỡ & Đập phá | J15: Hạng mục tháo dỡ mặt bằng | K15: Cải tạo kết cấu / Tháo dỡ
... A152: 149 | B152: 2CBA | C152: WM+ 158 Vân Thọ, Mỹ Đức, Hà Nội | D152: 46168 | E152: =D152+365 -> 46533 | F152: Lát vỉa hè gạch Terazzo KT300x300mm (Lát bằng hồ dầu) | H152: MBXDA0100149 | I152: Nhóm Gạch ốp lát & Nền sàn | J152: Hạng mục gạch ốp lát & nền sàn | K152: Gạch vỡ / Lún nứt nền / Sàn đọng nước

Sheet Quy trình
P11: 1. Tất cả các BOQ phát hành đều kèm theo "Mã số đầu việc (BH)"
P12: 2. Hàng tuần thứ 6 - P.XD cập nhật hồ sơ bảo hành lên link chung (Update từ công trường nếu có thay đổi)
P13: 3. Sử dụng sharepoint
P14: 4. Xây dựng dashboard dựa trên Data sharepoint

Sheet Các bước triển khai Master Data
A2: III. HƯỚNG DẪN VẬN HÀNH ĐỒNG BỘ GIỮA VH – KT – XD Bước 1: Chuẩn hóa Reason code trong Data hồ sơ bảo hành theo từng CH khi phát hành BOQ Bước 2: Đồng nhất Reason code bảo hành giữa BOQ - XD - Kỹ thuât - Vận hành Bước 3: Phân loại bảo hành và gửi về đầu mối phụ trách Bước 4: Xử lý và phản hồi
